<?xml version="1.0" encoding="UTF-8"?>
<?xml-stylesheet type="text/xsl" href="configuration.xsl"?>
<!--
  Licensed under the Apache License, Version 2.0 (the "License");
  you may not use this file except in compliance with the License.
  You may obtain a copy of the License at

    http://www.apache.org/licenses/LICENSE-2.0

  Unless required by applicable law or agreed to in writing, software
  distributed under the License is distributed on an "AS IS" BASIS,
  WITHOUT WARRANTIES OR CONDITIONS OF ANY KIND, either express or implied.
  See the License for the specific language governing permissions and
  limitations under the License. See accompanying LICENSE file.
-->

<!-- Put site-specific property overrides in this file. -->

<configuration>

<property>
  <name>fs.defaultFS</name>
  <value>hdfs://bch:8020</value>
  <description>The name for the cluster. HBase will use this to connect to HDFS</description>
</property>

<property>
  <name>io.compression.codecs</name>
  <value>org.apache.hadoop.io.compress.DefaultCodec,org.apache.hadoop.io.compress.GzipCodec,org.apache.hadoop.io.compress.BZip2Codec,org.apache.hadoop.io.compress.SnappyCodec</value>
</property>


<property>
  <name>hadoop.tmp.dir</name>
    <value>/home/hadoop/data/tmp</value>
      <description>A base for other temporary directories.</description>
      </property>

<property>
  <name>io.file.buffer.size</name>
    <value>65536</value>
      <description>The size of buffer for use in sequence files.
            The size of this buffer should probably be a multiple of hardware
                  page size (4096 on Intel x86), and it determines how much data is
                        buffered during read and write operations.
                          </description>
                          </property>

<!--property>
       <name>io.seqfile.compress.blocksize</name>
         <value>1000000</value>
           <description>The minimum block size for compression in block compressed SequenceFiles. </description>
           </property-->

<!--property>
       <name>webinterface.private.actions</name>
         <value>true</value>
           <description> If set to true, the web interfaces of JT and NN may contain 
               actions, such as kill job, delete file, etc., that should 
                   not be exposed to public. Enable this option if the interfaces 
                       are only reachable by those who have the right authorization.
                         </description>
                         </property-->

<!--property>
       <name>fs.hdfs.impl</name>
         <value>org.apache.hadoop.hdfs.DistributedAvatarFileSystem</value>
           <description>The FileSystem for hdfs ha, if you do not need hdfs HA, just comments this.</description>
           </property-->


</configuration>
